{
   "Camera" : {
      "eyePosition" : [ 0, 1.2000000476837158, -7.1999998092651367 ],
      "fov" : 52,
      "targetPosition" : [ 0, 0.40000000596046448, 0 ]
   }
}
